explorer_url,tx_hash,block_number,log_index,depositor,tokenFrom,symbol,decimals,amount_raw,amount_human
https://basescan.org/tx/0x33650af1f08ffa763fc6e29d534da8d914be7c12b0da7c678398804fff331891,0x33650af1f08ffa763fc6e29d534da8d914be7c12b0da7c678398804fff331891,39684657,331,0x78dd671a5bfa543fcb9475c3ef2bfe1298feb7ba,0x0000000000000000000000000000000000000000,ETH,18,8000000000000000,0.008
https://basescan.org/tx/0x0a86fe0b54316ecc9abdc2210abbf6b523559ee27c3b232e1783f51f5a8506d6,0x0a86fe0b54316ecc9abdc2210abbf6b523559ee27c3b232e1783f51f5a8506d6,39684856,1226,0x78dd671a5bfa543fcb9475c3ef2bfe1298feb7ba,0x0000000000000000000000000000000000000000,ETH,18,8590000000000000,0.00859
https://basescan.org/tx/0xd483c11ab94c78a31ecf5933c973e71a346b18a825198b1850f1ee42ca0c4152,0xd483c11ab94c78a31ecf5933c973e71a346b18a825198b1850f1ee42ca0c4152,39688615,349,0x78dd671a5bfa543fcb9475c3ef2bfe1298feb7ba,0x0000000000000000000000000000000000000000,ETH,18,8500000000000000,0.0085
https://basescan.org/tx/0x4a9cfaf0c5eb7939a4e97e938dc3f81a374a48b60f22b2afe50c20e38f9ec6a1,0x4a9cfaf0c5eb7939a4e97e938dc3f81a374a48b60f22b2afe50c20e38f9ec6a1,39688709,1013,0x78dd671a5bfa543fcb9475c3ef2bfe1298feb7ba,0x0000000000000000000000000000000000000000,ETH,18,8200000000000000,0.0082
https://basescan.org/tx/0xf89a07044b7ab16e0114ceb2d792a19638533e0d410d04d9807f000fbd5b000e,0xf89a07044b7ab16e0114ceb2d792a19638533e0d410d04d9807f000fbd5b000e,39688860,398,0x78dd671a5bfa543fcb9475c3ef2bfe1298feb7ba,0x0000000000000000000000000000000000000000,ETH,18,7800000000000000,0.0078
https://basescan.org/tx/0xf885bdf7c713748b83ee958dda0e6036bede40e79feb7c3b70feeef33ff65419,0xf885bdf7c713748b83ee958dda0e6036bede40e79feb7c3b70feeef33ff65419,39688956,830,0x78dd671a5bfa543fcb9475c3ef2bfe1298feb7ba,0x0000000000000000000000000000000000000000,ETH,18,7500000000000000,0.0075
https://basescan.org/tx/0xc721b87463a536fd60488f34ac864582f42b729fc06b15e076f4eeb0ff5b52bb,0xc721b87463a536fd60488f34ac864582f42b729fc06b15e076f4eeb0ff5b52bb,39689245,749,0x78dd671a5bfa543fcb9475c3ef2bfe1298feb7ba,0x0000000000000000000000000000000000000000,ETH,18,7500000000000000,0.0075
https://basescan.org/tx/0x7736e1c8a9e2fb82a648742fa40cac0094d5a888b30f4b6feaeea8a0b6be2706,0x7736e1c8a9e2fb82a648742fa40cac0094d5a888b30f4b6feaeea8a0b6be2706,39689339,417,0x78dd671a5bfa543fcb9475c3ef2bfe1298feb7ba,0x0000000000000000000000000000000000000000,ETH,18,7300000000000000,0.0073
https://basescan.org/tx/0xaea8ab61add9afc2efc7d1ebbce0d1fc2abb628e22d7d90c06846a9fdf600ff0,0xaea8ab61add9afc2efc7d1ebbce0d1fc2abb628e22d7d90c06846a9fdf600ff0,39690198,1199,0x78dd671a5bfa543fcb9475c3ef2bfe1298feb7ba,0x0000000000000000000000000000000000000000,ETH,18,7100000000000000,0.0071
https://basescan.org/tx/0x3784200df877c2db4d976d86cd4b4dfc681b42ca4b1e97fa7f7fbc3870becab7,0x3784200df877c2db4d976d86cd4b4dfc681b42ca4b1e97fa7f7fbc3870becab7,39690356,423,0x78dd671a5bfa543fcb9475c3ef2bfe1298feb7ba,0x0000000000000000000000000000000000000000,ETH,18,7000000000000000,0.007
https://basescan.org/tx/0xd302e527bc46039133e37007304fa5e86b99536d4898f4dc931363f531900eed,0xd302e527bc46039133e37007304fa5e86b99536d4898f4dc931363f531900eed,39690696,478,0x78dd671a5bfa543fcb9475c3ef2bfe1298feb7ba,0x0000000000000000000000000000000000000000,ETH,18,6800000000000000,0.0068
https://basescan.org/tx/0x38e1580edd2f1a8bb46fcc6c19bfa05e5c30c751910cd49af33b853bb74629ba,0x38e1580edd2f1a8bb46fcc6c19bfa05e5c30c751910cd49af33b853bb74629ba,39690876,793,0x78dd671a5bfa543fcb9475c3ef2bfe1298feb7ba,0x0000000000000000000000000000000000000000,ETH,18,6000000000000000,0.006
https://basescan.org/tx/0xa7b60e025175ecc2cee6a507caf53a3c48ebe2adbfac894e33519ac3b5f956e3,0xa7b60e025175ecc2cee6a507caf53a3c48ebe2adbfac894e33519ac3b5f956e3,39690980,287,0x78dd671a5bfa543fcb9475c3ef2bfe1298feb7ba,0x0000000000000000000000000000000000000000,ETH,18,3000000000000000,0.003
https://basescan.org/tx/0x91966af147e8087a31542a60f9ff90c42a680695325485234efea345a1940c0c,0x91966af147e8087a31542a60f9ff90c42a680695325485234efea345a1940c0c,39691841,564,0x78dd671a5bfa543fcb9475c3ef2bfe1298feb7ba,0x0000000000000000000000000000000000000000,ETH,18,9000000000000000,0.009
https://basescan.org/tx/0x2a08492524eb8fc2a6bee89258e57dfefceb3b9502fdfbe982bf5b2dc991e1ec,0x2a08492524eb8fc2a6bee89258e57dfefceb3b9502fdfbe982bf5b2dc991e1ec,39691951,775,0x78dd671a5bfa543fcb9475c3ef2bfe1298feb7ba,0x0000000000000000000000000000000000000000,ETH,18,8500000000000000,0.0085
https://basescan.org/tx/0xf5cb16824243f868f4958723e619bbf9e815370548cc2f3d0541a86686a0205f,0xf5cb16824243f868f4958723e619bbf9e815370548cc2f3d0541a86686a0205f,39692204,396,0x78dd671a5bfa543fcb9475c3ef2bfe1298feb7ba,0x0000000000000000000000000000000000000000,ETH,18,9000000000000000,0.009
https://basescan.org/tx/0x17b9fb6c951c173500f04e91c1505f645be9fc80bfa6f39f5257437de941e5e6,0x17b9fb6c951c173500f04e91c1505f645be9fc80bfa6f39f5257437de941e5e6,39692289,1060,0x78dd671a5bfa543fcb9475c3ef2bfe1298feb7ba,0x0000000000000000000000000000000000000000,ETH,18,8500000000000000,0.0085
https://basescan.org/tx/0x0e3b4065b8ef2e006ce4275d15ec49ad033ffda4b45b991a4f00db60676fdd46,0x0e3b4065b8ef2e006ce4275d15ec49ad033ffda4b45b991a4f00db60676fdd46,39692366,1309,0x78dd671a5bfa543fcb9475c3ef2bfe1298feb7ba,0x0000000000000000000000000000000000000000,ETH,18,8500000000000000,0.0085
https://basescan.org/tx/0x79e8922ac44780eb1986c00b735d8f7b80b15e56702f9e32efc5a3ec63476ef2,0x79e8922ac44780eb1986c00b735d8f7b80b15e56702f9e32efc5a3ec63476ef2,39692470,414,0x78dd671a5bfa543fcb9475c3ef2bfe1298feb7ba,0x0000000000000000000000000000000000000000,ETH,18,8300000000000000,0.0083
https://basescan.org/tx/0x3282331155498e93e02a8122468cbf58bb97704b00dc33979664f8bc6772c566,0x3282331155498e93e02a8122468cbf58bb97704b00dc33979664f8bc6772c566,39692614,550,0x78dd671a5bfa543fcb9475c3ef2bfe1298feb7ba,0x0000000000000000000000000000000000000000,ETH,18,8000000000000000,0.008
https://basescan.org/tx/0x5f311758283fe185ec2d831e32822f361b56f7a0cecd8c298e60a17c6d5ada62,0x5f311758283fe185ec2d831e32822f361b56f7a0cecd8c298e60a17c6d5ada62,39692696,1231,0x78dd671a5bfa543fcb9475c3ef2bfe1298feb7ba,0x0000000000000000000000000000000000000000,ETH,18,7600000000000000,0.0076
https://basescan.org/tx/0xca1cabebdff7e247a5e6c21e28f3ee0fd03cef515b5e00141c4d46716a3d2027,0xca1cabebdff7e247a5e6c21e28f3ee0fd03cef515b5e00141c4d46716a3d2027,39692715,1954,0x78dd671a5bfa543fcb9475c3ef2bfe1298feb7ba,0x0000000000000000000000000000000000000000,ETH,18,2100000000000000,0.0021
https://basescan.org/tx/0x9cae64d7cc195ba7db8bc438b444999187bfece497792d16707c80aae4bdfccb,0x9cae64d7cc195ba7db8bc438b444999187bfece497792d16707c80aae4bdfccb,39692873,355,0x78dd671a5bfa543fcb9475c3ef2bfe1298feb7ba,0x0000000000000000000000000000000000000000,ETH,18,9000000000000000,0.009
https://basescan.org/tx/0x774a8129fc5db06e4fbae21e05d541d13f572e567e7a9b10aaf4573e085dd8e5,0x774a8129fc5db06e4fbae21e05d541d13f572e567e7a9b10aaf4573e085dd8e5,39740816,486,0x78dd671a5bfa543fcb9475c3ef2bfe1298feb7ba,0x0000000000000000000000000000000000000000,ETH,18,65000000000000000,0.065
https://basescan.org/tx/0xb4c1ba8e103cc5365ce988a34f10a601b4746e86da54dd60b07a1095dc25ab5d,0xb4c1ba8e103cc5365ce988a34f10a601b4746e86da54dd60b07a1095dc25ab5d,39740951,608,0x78dd671a5bfa543fcb9475c3ef2bfe1298feb7ba,0x0000000000000000000000000000000000000000,ETH,18,64990000000000000,0.06499
https://basescan.org/tx/0x401a1e20c98b67c171bb97edbf4744555221dd8fe1630f77ecf184860780eac2,0x401a1e20c98b67c171bb97edbf4744555221dd8fe1630f77ecf184860780eac2,39741028,569,0x78dd671a5bfa543fcb9475c3ef2bfe1298feb7ba,0x0000000000000000000000000000000000000000,ETH,18,64900000000000000,0.0649
https://basescan.org/tx/0x1f86d64d7333688a8ae763fd9cd46cfef0f3f95c923f0b3747653bddc888d223,0x1f86d64d7333688a8ae763fd9cd46cfef0f3f95c923f0b3747653bddc888d223,39741098,285,0x78dd671a5bfa543fcb9475c3ef2bfe1298feb7ba,0x0000000000000000000000000000000000000000,ETH,18,64800000000000000,0.0648
https://basescan.org/tx/0xebdd9b483f188ea848865c711d5520c89e6740135c2e9920f2bf8098eb9f7d63,0xebdd9b483f188ea848865c711d5520c89e6740135c2e9920f2bf8098eb9f7d63,39741215,394,0x78dd671a5bfa543fcb9475c3ef2bfe1298feb7ba,0x0000000000000000000000000000000000000000,ETH,18,66000000000000000,0.066
https://basescan.org/tx/0xca72f6866aa1f173749d2623f39865521016c71767866a1d91c76ba0980e5278,0xca72f6866aa1f173749d2623f39865521016c71767866a1d91c76ba0980e5278,39741292,359,0x78dd671a5bfa543fcb9475c3ef2bfe1298feb7ba,0x0000000000000000000000000000000000000000,ETH,18,66300000000000000,0.0663
https://basescan.org/tx/0xb28d2e901988ac0d8b26770ab6d73724363cc82748061b3dbb95f37ad1e91403,0xb28d2e901988ac0d8b26770ab6d73724363cc82748061b3dbb95f37ad1e91403,39741358,699,0x78dd671a5bfa543fcb9475c3ef2bfe1298feb7ba,0x0000000000000000000000000000000000000000,ETH,18,66200000000000000,0.0662
https://basescan.org/tx/0xd940627e1d9387f4eaa3b95aef162845c5ac95a16d0db2934584442587c60ded,0xd940627e1d9387f4eaa3b95aef162845c5ac95a16d0db2934584442587c60ded,39741444,355,0x78dd671a5bfa543fcb9475c3ef2bfe1298feb7ba,0x0000000000000000000000000000000000000000,ETH,18,65200000000000000,0.0652
https://basescan.org/tx/0xed7012ed881f9b39f96ed501837fa064e68121c32cbd646cc0b3b7b0beca8434,0xed7012ed881f9b39f96ed501837fa064e68121c32cbd646cc0b3b7b0beca8434,39757364,923,0x78dd671a5bfa543fcb9475c3ef2bfe1298feb7ba,0x0000000000000000000000000000000000000000,ETH,18,65000000000000000,0.065
https://basescan.org/tx/0x8ac8566d214769bd08c7b3637599865fa83567a979ce9eca665449cd204de22d,0x8ac8566d214769bd08c7b3637599865fa83567a979ce9eca665449cd204de22d,39757424,849,0x78dd671a5bfa543fcb9475c3ef2bfe1298feb7ba,0x0000000000000000000000000000000000000000,ETH,18,65100000000000000,0.0651
https://basescan.org/tx/0xf93d44757173dcf89d9bec7df1893d995cc7dac21abe0ea2dc0214574580f9b8,0xf93d44757173dcf89d9bec7df1893d995cc7dac21abe0ea2dc0214574580f9b8,39757487,386,0x78dd671a5bfa543fcb9475c3ef2bfe1298feb7ba,0x0000000000000000000000000000000000000000,ETH,18,64000000000000000,0.064
https://basescan.org/tx/0x4c6adb01730dcf26b221622db97f10d674844af2510d938ea4151d2f9f4f3e85,0x4c6adb01730dcf26b221622db97f10d674844af2510d938ea4151d2f9f4f3e85,39757544,561,0x78dd671a5bfa543fcb9475c3ef2bfe1298feb7ba,0x0000000000000000000000000000000000000000,ETH,18,64000000000000000,0.064
https://basescan.org/tx/0xa2121072e570bb553408f0e2a86d21f4982640ed88ef8881d5bf1f1e5b1ddc16,0xa2121072e570bb553408f0e2a86d21f4982640ed88ef8881d5bf1f1e5b1ddc16,39757620,379,0x78dd671a5bfa543fcb9475c3ef2bfe1298feb7ba,0x0000000000000000000000000000000000000000,ETH,18,64000000000000000,0.064
https://basescan.org/tx/0x0164e124bec990ab6fb3c5d5d6d462c51e513f859e37036d0a5c496788af6e26,0x0164e124bec990ab6fb3c5d5d6d462c51e513f859e37036d0a5c496788af6e26,39757699,1100,0x78dd671a5bfa543fcb9475c3ef2bfe1298feb7ba,0x0000000000000000000000000000000000000000,ETH,18,64000000000000000,0.064
https://basescan.org/tx/0xa38f453a7422044201358ad0c9398aa0e599e8fa5068d1e322772b35839a3188,0xa38f453a7422044201358ad0c9398aa0e599e8fa5068d1e322772b35839a3188,39757770,250,0x78dd671a5bfa543fcb9475c3ef2bfe1298feb7ba,0x0000000000000000000000000000000000000000,ETH,18,64000000000000000,0.064
https://basescan.org/tx/0x51b88688df6a499afd6ffe469dafb78cd66290a4b0c4c2b28a7d94d2bf3d1522,0x51b88688df6a499afd6ffe469dafb78cd66290a4b0c4c2b28a7d94d2bf3d1522,39757838,722,0x78dd671a5bfa543fcb9475c3ef2bfe1298feb7ba,0x0000000000000000000000000000000000000000,ETH,18,64000000000000000,0.064
https://basescan.org/tx/0x2b33cb22f99b6081f938c71cd3d2d3d91f1a1323431be0778b1478120170bba6,0x2b33cb22f99b6081f938c71cd3d2d3d91f1a1323431be0778b1478120170bba6,39757889,304,0x78dd671a5bfa543fcb9475c3ef2bfe1298feb7ba,0x0000000000000000000000000000000000000000,ETH,18,64000000000000000,0.064
https://basescan.org/tx/0x995b2c6c7f2cc66d50ef100eaefd47aa431510fe7f16976a6c61690483a8f42c,0x995b2c6c7f2cc66d50ef100eaefd47aa431510fe7f16976a6c61690483a8f42c,39757938,596,0x78dd671a5bfa543fcb9475c3ef2bfe1298feb7ba,0x0000000000000000000000000000000000000000,ETH,18,64000000000000000,0.064
https://basescan.org/tx/0x4d5ea49259a01154c99c21de11f4929366380609473ed1d7b2eac129d9456bd8,0x4d5ea49259a01154c99c21de11f4929366380609473ed1d7b2eac129d9456bd8,39757999,583,0x78dd671a5bfa543fcb9475c3ef2bfe1298feb7ba,0x0000000000000000000000000000000000000000,ETH,18,64000000000000000,0.064
https://basescan.org/tx/0x2a9fc4b06609fc069157601702f5ee909c71c8cd550d8c1d842f73e41bfec298,0x2a9fc4b06609fc069157601702f5ee909c71c8cd550d8c1d842f73e41bfec298,39758093,1531,0x78dd671a5bfa543fcb9475c3ef2bfe1298feb7ba,0x0000000000000000000000000000000000000000,ETH,18,64000000000000000,0.064
https://basescan.org/tx/0x737479997f9adba4c1a2f36f404e5ba8c53122d6924d2c973916fc6e36d6cbb8,0x737479997f9adba4c1a2f36f404e5ba8c53122d6924d2c973916fc6e36d6cbb8,39758155,1173,0x78dd671a5bfa543fcb9475c3ef2bfe1298feb7ba,0x0000000000000000000000000000000000000000,ETH,18,64000000000000000,0.064
https://basescan.org/tx/0xe74841b37420a8d648efeb3a679f6d032592c2b485ab4ff42de318198015f152,0xe74841b37420a8d648efeb3a679f6d032592c2b485ab4ff42de318198015f152,39758205,363,0x78dd671a5bfa543fcb9475c3ef2bfe1298feb7ba,0x0000000000000000000000000000000000000000,ETH,18,64000000000000000,0.064
https://basescan.org/tx/0xfbf74b7632e1c5b8243cd30f1d131fd1461ccf3b5e652060d9a736d75f48788f,0xfbf74b7632e1c5b8243cd30f1d131fd1461ccf3b5e652060d9a736d75f48788f,39758264,707,0x78dd671a5bfa543fcb9475c3ef2bfe1298feb7ba,0x0000000000000000000000000000000000000000,ETH,18,64000000000000000,0.064
https://basescan.org/tx/0x8aa694863a73d23b1300be08ae216cbb8aeb18cd6ca73a05b507c5b62466651c,0x8aa694863a73d23b1300be08ae216cbb8aeb18cd6ca73a05b507c5b62466651c,39758327,741,0x78dd671a5bfa543fcb9475c3ef2bfe1298feb7ba,0x0000000000000000000000000000000000000000,ETH,18,64000000000000000,0.064
https://basescan.org/tx/0xa8892c221ed6f7b1321cf5fe830e5c263c3bcba062b7d446a97c6f281a76be3a,0xa8892c221ed6f7b1321cf5fe830e5c263c3bcba062b7d446a97c6f281a76be3a,39758391,613,0x78dd671a5bfa543fcb9475c3ef2bfe1298feb7ba,0x0000000000000000000000000000000000000000,ETH,18,63500000000000000,0.0635
https://basescan.org/tx/0x01eb9a3bb5508f3fba1832cd7efa48a2a86670473d2d0bdeec695fc4011f573d,0x01eb9a3bb5508f3fba1832cd7efa48a2a86670473d2d0bdeec695fc4011f573d,39758447,555,0x78dd671a5bfa543fcb9475c3ef2bfe1298feb7ba,0x0000000000000000000000000000000000000000,ETH,18,64000000000000000,0.064
https://basescan.org/tx/0x1adba1181c27b7b497b4fca0ffe352f7feed1ad6eb794349a0adcdc3a95ccc29,0x1adba1181c27b7b497b4fca0ffe352f7feed1ad6eb794349a0adcdc3a95ccc29,39758504,796,0x78dd671a5bfa543fcb9475c3ef2bfe1298feb7ba,0x0000000000000000000000000000000000000000,ETH,18,64000000000000000,0.064
https://basescan.org/tx/0x241310ff0528fcc3bc6771e0e7a610635e13864f9f32c63677e542fbe75dfb2f,0x241310ff0528fcc3bc6771e0e7a610635e13864f9f32c63677e542fbe75dfb2f,39758577,719,0x78dd671a5bfa543fcb9475c3ef2bfe1298feb7ba,0x0000000000000000000000000000000000000000,ETH,18,63000000000000000,0.063
https://basescan.org/tx/0x67ba47a22d3103eca1cfdf08727a4a4f0d81b7dded1c9257f0e30ef3ee8d3d29,0x67ba47a22d3103eca1cfdf08727a4a4f0d81b7dded1c9257f0e30ef3ee8d3d29,39758627,338,0x78dd671a5bfa543fcb9475c3ef2bfe1298feb7ba,0x0000000000000000000000000000000000000000,ETH,18,64000000000000000,0.064
https://basescan.org/tx/0x905b8a1ff743f5845e6a5e85dc22e15780b4ed6c8497e5dbfea3290c66160463,0x905b8a1ff743f5845e6a5e85dc22e15780b4ed6c8497e5dbfea3290c66160463,39758683,1204,0x78dd671a5bfa543fcb9475c3ef2bfe1298feb7ba,0x0000000000000000000000000000000000000000,ETH,18,64500000000000000,0.0645
https://basescan.org/tx/0xb9161ddbf1073666118905ca0e6b257249e56a2e90837992faf990847d1eb439,0xb9161ddbf1073666118905ca0e6b257249e56a2e90837992faf990847d1eb439,39758747,586,0x78dd671a5bfa543fcb9475c3ef2bfe1298feb7ba,0x0000000000000000000000000000000000000000,ETH,18,64400000000000000,0.0644
https://basescan.org/tx/0x55a34db5d3944c1615ed76d651587a4dc1a1205296d4f2b7fd709aca5379f4fe,0x55a34db5d3944c1615ed76d651587a4dc1a1205296d4f2b7fd709aca5379f4fe,39758815,879,0x78dd671a5bfa543fcb9475c3ef2bfe1298feb7ba,0x0000000000000000000000000000000000000000,ETH,18,64000000000000000,0.064
https://basescan.org/tx/0x6ce10d06becb1f00d5453abcf363a69585fc93fd024d03463a34a65f78e4829a,0x6ce10d06becb1f00d5453abcf363a69585fc93fd024d03463a34a65f78e4829a,39758881,1032,0x78dd671a5bfa543fcb9475c3ef2bfe1298feb7ba,0x0000000000000000000000000000000000000000,ETH,18,64000000000000000,0.064
https://basescan.org/tx/0xba271d6e4af9ed01fed8b05a7f4994737b64e9b647c113bae996821b561fc21b,0xba271d6e4af9ed01fed8b05a7f4994737b64e9b647c113bae996821b561fc21b,39758942,335,0x78dd671a5bfa543fcb9475c3ef2bfe1298feb7ba,0x0000000000000000000000000000000000000000,ETH,18,64000000000000000,0.064
https://basescan.org/tx/0x88aef6814526873c3c15211858e7db54bc86ba224b6a06447ae68c65ff94a4b3,0x88aef6814526873c3c15211858e7db54bc86ba224b6a06447ae68c65ff94a4b3,39758997,828,0x78dd671a5bfa543fcb9475c3ef2bfe1298feb7ba,0x0000000000000000000000000000000000000000,ETH,18,64000000000000000,0.064
https://basescan.org/tx/0x751873af692ba4a594c8e97d602b72a22cf2b3bed603fccfca7e953f16352b6c,0x751873af692ba4a594c8e97d602b72a22cf2b3bed603fccfca7e953f16352b6c,39759058,317,0x78dd671a5bfa543fcb9475c3ef2bfe1298feb7ba,0x0000000000000000000000000000000000000000,ETH,18,64000000000000000,0.064
https://basescan.org/tx/0x1fb64a6bb143b068f9ea11800a06f4f9d1724329b3d00c20eb6b993281a08769,0x1fb64a6bb143b068f9ea11800a06f4f9d1724329b3d00c20eb6b993281a08769,39759127,393,0x78dd671a5bfa543fcb9475c3ef2bfe1298feb7ba,0x0000000000000000000000000000000000000000,ETH,18,64000000000000000,0.064
https://basescan.org/tx/0x4b1f5ecee2b8e0f86ab09458f87dca25e6cba0cc88af03f8af43c5e83ffdeeb7,0x4b1f5ecee2b8e0f86ab09458f87dca25e6cba0cc88af03f8af43c5e83ffdeeb7,39759184,316,0x78dd671a5bfa543fcb9475c3ef2bfe1298feb7ba,0x0000000000000000000000000000000000000000,ETH,18,64000000000000000,0.064
https://basescan.org/tx/0xa046b17b6f5356f0143e94e9c9c0c8cd4c1c7af9b83d73e7cd4218bcc94d84eb,0xa046b17b6f5356f0143e94e9c9c0c8cd4c1c7af9b83d73e7cd4218bcc94d84eb,39759235,1232,0x78dd671a5bfa543fcb9475c3ef2bfe1298feb7ba,0x0000000000000000000000000000000000000000,ETH,18,64000000000000000,0.064
https://basescan.org/tx/0x295cc4156fe7e6fe523a5ea0e7fcba5e28780b3100eb1ea47a8118b34d63ae6e,0x295cc4156fe7e6fe523a5ea0e7fcba5e28780b3100eb1ea47a8118b34d63ae6e,39759295,798,0x78dd671a5bfa543fcb9475c3ef2bfe1298feb7ba,0x0000000000000000000000000000000000000000,ETH,18,64000000000000000,0.064
https://basescan.org/tx/0xe8f7db63d8dd937af9bd1183901437b6c4b7127537506754a3bb6c089616e7c2,0xe8f7db63d8dd937af9bd1183901437b6c4b7127537506754a3bb6c089616e7c2,39759369,1833,0x78dd671a5bfa543fcb9475c3ef2bfe1298feb7ba,0x0000000000000000000000000000000000000000,ETH,18,64000000000000000,0.064
https://basescan.org/tx/0x556fa4bac61e9a106f113a79be644340db2c244d0ef887326a0286629e4044e4,0x556fa4bac61e9a106f113a79be644340db2c244d0ef887326a0286629e4044e4,39759414,657,0x78dd671a5bfa543fcb9475c3ef2bfe1298feb7ba,0x0000000000000000000000000000000000000000,ETH,18,64000000000000000,0.064
https://basescan.org/tx/0x128e5ededb1501f0ac6229bfd204ea1c1f4a024b57487923bd992ab25bd1470a,0x128e5ededb1501f0ac6229bfd204ea1c1f4a024b57487923bd992ab25bd1470a,39759488,479,0x78dd671a5bfa543fcb9475c3ef2bfe1298feb7ba,0x0000000000000000000000000000000000000000,ETH,18,64000000000000000,0.064
https://basescan.org/tx/0xb188604f415193e5cc1e9a4f2960ca5b016ffcef47b1032c8c4eade87f4e83c1,0xb188604f415193e5cc1e9a4f2960ca5b016ffcef47b1032c8c4eade87f4e83c1,39759614,426,0x78dd671a5bfa543fcb9475c3ef2bfe1298feb7ba,0x0000000000000000000000000000000000000000,ETH,18,64000000000000000,0.064
https://basescan.org/tx/0x41ac595b0fe91f4febc62885d262a376dcb829bbf88e8b32d18186247c49fd70,0x41ac595b0fe91f4febc62885d262a376dcb829bbf88e8b32d18186247c49fd70,39759878,580,0x78dd671a5bfa543fcb9475c3ef2bfe1298feb7ba,0x0000000000000000000000000000000000000000,ETH,18,64000000000000000,0.064
https://basescan.org/tx/0xe221947995043b3445420bee760358d362c03c08919af398dd6e6900e2682d45,0xe221947995043b3445420bee760358d362c03c08919af398dd6e6900e2682d45,39759926,459,0x78dd671a5bfa543fcb9475c3ef2bfe1298feb7ba,0x0000000000000000000000000000000000000000,ETH,18,64000000000000000,0.064
https://basescan.org/tx/0x57ac50b8c21c967e24acde4a8b9ae6a09dba396929d484fee85022fa72727b49,0x57ac50b8c21c967e24acde4a8b9ae6a09dba396929d484fee85022fa72727b49,39759985,760,0x78dd671a5bfa543fcb9475c3ef2bfe1298feb7ba,0x0000000000000000000000000000000000000000,ETH,18,65000000000000000,0.065
https://basescan.org/tx/0x2847daf72249ba99bc42dda50b371ce2fe293c6b1cbfac71396e81a598f250c9,0x2847daf72249ba99bc42dda50b371ce2fe293c6b1cbfac71396e81a598f250c9,39760037,938,0x78dd671a5bfa543fcb9475c3ef2bfe1298feb7ba,0x0000000000000000000000000000000000000000,ETH,18,64400000000000000,0.0644
https://basescan.org/tx/0xa0b69432a82340b1489cdca8fd308372a9f418e5069e5bc9761844465ab5ead0,0xa0b69432a82340b1489cdca8fd308372a9f418e5069e5bc9761844465ab5ead0,39760109,507,0x78dd671a5bfa543fcb9475c3ef2bfe1298feb7ba,0x0000000000000000000000000000000000000000,ETH,18,64000000000000000,0.064
https://basescan.org/tx/0xcb7e6abbdd89d7d847be9d9afd2769d8dcf07d2fb17711664270a2f3eee4d184,0xcb7e6abbdd89d7d847be9d9afd2769d8dcf07d2fb17711664270a2f3eee4d184,39760166,1463,0x78dd671a5bfa543fcb9475c3ef2bfe1298feb7ba,0x0000000000000000000000000000000000000000,ETH,18,64000000000000000,0.064
https://basescan.org/tx/0x95993cc5712841c1e00d135325dcb1b54489bae62fc7e99d2f998cb61e8f8c66,0x95993cc5712841c1e00d135325dcb1b54489bae62fc7e99d2f998cb61e8f8c66,39760228,723,0x78dd671a5bfa543fcb9475c3ef2bfe1298feb7ba,0x0000000000000000000000000000000000000000,ETH,18,64000000000000000,0.064
https://basescan.org/tx/0xc2f68156c32be90fa483d5fbbdd4a1931bd950d610638f7ebadcea9d9d372c54,0xc2f68156c32be90fa483d5fbbdd4a1931bd950d610638f7ebadcea9d9d372c54,39760295,319,0x78dd671a5bfa543fcb9475c3ef2bfe1298feb7ba,0x0000000000000000000000000000000000000000,ETH,18,65000000000000000,0.065
https://basescan.org/tx/0x6faba05e93a019971c6df40cbfad79f927cd84551c39212e0100dcd4bf0a536f,0x6faba05e93a019971c6df40cbfad79f927cd84551c39212e0100dcd4bf0a536f,39760344,287,0x78dd671a5bfa543fcb9475c3ef2bfe1298feb7ba,0x0000000000000000000000000000000000000000,ETH,18,64500000000000000,0.0645
https://basescan.org/tx/0xafc424d567719c4938e0f98db7ccd174dd0cbfe057bfb154d24a6c946f9d0d58,0xafc424d567719c4938e0f98db7ccd174dd0cbfe057bfb154d24a6c946f9d0d58,39760402,669,0x78dd671a5bfa543fcb9475c3ef2bfe1298feb7ba,0x0000000000000000000000000000000000000000,ETH,18,64400000000000000,0.0644
https://basescan.org/tx/0x1924937711c7c73413e727bb2c298ed44b263c76adb80d00aa4c88025acb6746,0x1924937711c7c73413e727bb2c298ed44b263c76adb80d00aa4c88025acb6746,39760515,314,0x78dd671a5bfa543fcb9475c3ef2bfe1298feb7ba,0x0000000000000000000000000000000000000000,ETH,18,64000000000000000,0.064
https://basescan.org/tx/0x709c37e4be9f51d5cccd55ba940283114d6c3eee50be893706ff67421626d5d1,0x709c37e4be9f51d5cccd55ba940283114d6c3eee50be893706ff67421626d5d1,39760606,715,0x78dd671a5bfa543fcb9475c3ef2bfe1298feb7ba,0x0000000000000000000000000000000000000000,ETH,18,65000000000000000,0.065
https://basescan.org/tx/0xc1d8f81b48ed86f03d5921bdfbb15518312d9a449207cbdac2867379e170a999,0xc1d8f81b48ed86f03d5921bdfbb15518312d9a449207cbdac2867379e170a999,39760682,835,0x78dd671a5bfa543fcb9475c3ef2bfe1298feb7ba,0x0000000000000000000000000000000000000000,ETH,18,64000000000000000,0.064
https://basescan.org/tx/0xc71abe524a79e15332a220b4d49a43fd03b39d1cb32a3524daa7170d74b9a8b5,0xc71abe524a79e15332a220b4d49a43fd03b39d1cb32a3524daa7170d74b9a8b5,39760744,352,0x78dd671a5bfa543fcb9475c3ef2bfe1298feb7ba,0x0000000000000000000000000000000000000000,ETH,18,65000000000000000,0.065
https://basescan.org/tx/0x8bec18f1041ad495917dc44d42713a8d2307d28ce211a92328f59150cd982b84,0x8bec18f1041ad495917dc44d42713a8d2307d28ce211a92328f59150cd982b84,39760803,1165,0x78dd671a5bfa543fcb9475c3ef2bfe1298feb7ba,0x0000000000000000000000000000000000000000,ETH,18,65000000000000000,0.065
https://basescan.org/tx/0x77e82612d79889599b40df2bb82e6ceed5dfadf211579a26dd3d44794ed376ca,0x77e82612d79889599b40df2bb82e6ceed5dfadf211579a26dd3d44794ed376ca,39760873,2017,0x78dd671a5bfa543fcb9475c3ef2bfe1298feb7ba,0x0000000000000000000000000000000000000000,ETH,18,65000000000000000,0.065
https://basescan.org/tx/0xe0c5c6fa0778f7a90579c27451825405fad3448b19fd0113cca4c1baa62d5a19,0xe0c5c6fa0778f7a90579c27451825405fad3448b19fd0113cca4c1baa62d5a19,39760923,909,0x78dd671a5bfa543fcb9475c3ef2bfe1298feb7ba,0x0000000000000000000000000000000000000000,ETH,18,65000000000000000,0.065
https://basescan.org/tx/0x9c27f4e0a60673c905a41795ebb99d06ef185618963c6bd88bd7457a73b6dbba,0x9c27f4e0a60673c905a41795ebb99d06ef185618963c6bd88bd7457a73b6dbba,39761948,546,0x78dd671a5bfa543fcb9475c3ef2bfe1298feb7ba,0x0000000000000000000000000000000000000000,ETH,18,65000000000000000,0.065
https://basescan.org/tx/0x1883e78ac29f5da2b9a1470fdec40a3b87bf17ac6c4120b5336f69467df0ee50,0x1883e78ac29f5da2b9a1470fdec40a3b87bf17ac6c4120b5336f69467df0ee50,39762015,2339,0x78dd671a5bfa543fcb9475c3ef2bfe1298feb7ba,0x0000000000000000000000000000000000000000,ETH,18,65000000000000000,0.065
https://basescan.org/tx/0xd9f73ca324f246941cd917a677d0de422ceb9853a9f4bff2f7e2198a2d1a6fe2,0xd9f73ca324f246941cd917a677d0de422ceb9853a9f4bff2f7e2198a2d1a6fe2,39762074,311,0x78dd671a5bfa543fcb9475c3ef2bfe1298feb7ba,0x0000000000000000000000000000000000000000,ETH,18,65000000000000000,0.065
https://basescan.org/tx/0xb97cb02d763b73de4323a5ef04a215669c0c1b9d64803825447b2ac644563250,0xb97cb02d763b73de4323a5ef04a215669c0c1b9d64803825447b2ac644563250,39762121,275,0x78dd671a5bfa543fcb9475c3ef2bfe1298feb7ba,0x0000000000000000000000000000000000000000,ETH,18,65000000000000000,0.065
https://basescan.org/tx/0xec701f79c17d1c78e453c3aae38efc9224bc46b48ca634e47ad204544be2a2ed,0xec701f79c17d1c78e453c3aae38efc9224bc46b48ca634e47ad204544be2a2ed,39762172,410,0x78dd671a5bfa543fcb9475c3ef2bfe1298feb7ba,0x0000000000000000000000000000000000000000,ETH,18,65000000000000000,0.065
https://basescan.org/tx/0x969062fcd248742ea0f6433a87051308aaa5e127ca9155c5a0c532d643e8a8fd,0x969062fcd248742ea0f6433a87051308aaa5e127ca9155c5a0c532d643e8a8fd,39762223,373,0x78dd671a5bfa543fcb9475c3ef2bfe1298feb7ba,0x0000000000000000000000000000000000000000,ETH,18,65000000000000000,0.065
https://basescan.org/tx/0x7f28c45c6e689789512d7154018b19a1563456effa1c44db8d16630503bd6a5e,0x7f28c45c6e689789512d7154018b19a1563456effa1c44db8d16630503bd6a5e,39762323,321,0x78dd671a5bfa543fcb9475c3ef2bfe1298feb7ba,0x0000000000000000000000000000000000000000,ETH,18,65000000000000000,0.065
https://basescan.org/tx/0xe547e609850aee16c8a9cbc5c9bb21311fd5e674068fb3b8fd5d2c9d84b5963c,0xe547e609850aee16c8a9cbc5c9bb21311fd5e674068fb3b8fd5d2c9d84b5963c,39762389,369,0x78dd671a5bfa543fcb9475c3ef2bfe1298feb7ba,0x0000000000000000000000000000000000000000,ETH,18,65000000000000000,0.065
https://basescan.org/tx/0x5b55327e1d319a35424b2ce4722d0baa1ca614b3353ae1a30c1278353662dd21,0x5b55327e1d319a35424b2ce4722d0baa1ca614b3353ae1a30c1278353662dd21,39762437,340,0x78dd671a5bfa543fcb9475c3ef2bfe1298feb7ba,0x0000000000000000000000000000000000000000,ETH,18,65000000000000000,0.065
https://basescan.org/tx/0xf6cafff0ae0aa713c94574f3dba5be509edb45d65618736e166d19a50ede70c6,0xf6cafff0ae0aa713c94574f3dba5be509edb45d65618736e166d19a50ede70c6,39762495,312,0x78dd671a5bfa543fcb9475c3ef2bfe1298feb7ba,0x0000000000000000000000000000000000000000,ETH,18,65000000000000000,0.065
https://basescan.org/tx/0xf61ced6dd8c4db994a9f7cde5779a704e5742dae040457e4e5678b9a0700e7c3,0xf61ced6dd8c4db994a9f7cde5779a704e5742dae040457e4e5678b9a0700e7c3,39762554,390,0x78dd671a5bfa543fcb9475c3ef2bfe1298feb7ba,0x0000000000000000000000000000000000000000,ETH,18,65000000000000000,0.065
https://basescan.org/tx/0xbe816ebaa5d3182d0e29563b0d0d037dad539c03ad81dde6390b758d1667d736,0xbe816ebaa5d3182d0e29563b0d0d037dad539c03ad81dde6390b758d1667d736,39762599,744,0x78dd671a5bfa543fcb9475c3ef2bfe1298feb7ba,0x0000000000000000000000000000000000000000,ETH,18,65000000000000000,0.065
https://basescan.org/tx/0x2edfd904ed37e01bf13d4407c9c04e9f23c05ad9c3be18e3a4048f729de0d1aa,0x2edfd904ed37e01bf13d4407c9c04e9f23c05ad9c3be18e3a4048f729de0d1aa,39762666,628,0x78dd671a5bfa543fcb9475c3ef2bfe1298feb7ba,0x0000000000000000000000000000000000000000,ETH,18,65000000000000000,0.065
https://basescan.org/tx/0xf3f3f31e0c652be410e36111522432ce9f112117427a66f0fd7e5db588e874e6,0xf3f3f31e0c652be410e36111522432ce9f112117427a66f0fd7e5db588e874e6,39762789,506,0x78dd671a5bfa543fcb9475c3ef2bfe1298feb7ba,0x0000000000000000000000000000000000000000,ETH,18,65000000000000000,0.065
https://basescan.org/tx/0x9b72963ed9bfb1b4c38d0446ad7e54c52817d3b27499daff9b93db725ef62b22,0x9b72963ed9bfb1b4c38d0446ad7e54c52817d3b27499daff9b93db725ef62b22,39762883,713,0x78dd671a5bfa543fcb9475c3ef2bfe1298feb7ba,0x0000000000000000000000000000000000000000,ETH,18,64500000000000000,0.0645
https://basescan.org/tx/0xb3d228917756fbc63c906e6124aa854fe83e3eeb83e2cc7c8b9d838515d7738d,0xb3d228917756fbc63c906e6124aa854fe83e3eeb83e2cc7c8b9d838515d7738d,39762949,623,0x78dd671a5bfa543fcb9475c3ef2bfe1298feb7ba,0x0000000000000000000000000000000000000000,ETH,18,65000000000000000,0.065
https://basescan.org/tx/0xdde018cb5d4de1a8cbe15f350343401f0b3fff145852330376ee5252824f6a0a,0xdde018cb5d4de1a8cbe15f350343401f0b3fff145852330376ee5252824f6a0a,39763088,771,0x78dd671a5bfa543fcb9475c3ef2bfe1298feb7ba,0x0000000000000000000000000000000000000000,ETH,18,65000000000000000,0.065
https://basescan.org/tx/0xeb9da231b2f4206b59700dfc96e58a14d7445a75fd73ca62dbfbfb92c9e44146,0xeb9da231b2f4206b59700dfc96e58a14d7445a75fd73ca62dbfbfb92c9e44146,39763156,699,0x78dd671a5bfa543fcb9475c3ef2bfe1298feb7ba,0x0000000000000000000000000000000000000000,ETH,18,65000000000000000,0.065
https://basescan.org/tx/0xdfc9ae3423f4f5f791ac00d003d1de72d99f501b36579883b69beebfef347de1,0xdfc9ae3423f4f5f791ac00d003d1de72d99f501b36579883b69beebfef347de1,39763214,928,0x78dd671a5bfa543fcb9475c3ef2bfe1298feb7ba,0x0000000000000000000000000000000000000000,ETH,18,65000000000000000,0.065
https://basescan.org/tx/0x74a21ad5cd0d658ccfc336316d467d8898669a477b2e6626d86cc4eb2af5b781,0x74a21ad5cd0d658ccfc336316d467d8898669a477b2e6626d86cc4eb2af5b781,39763281,1259,0x78dd671a5bfa543fcb9475c3ef2bfe1298feb7ba,0x0000000000000000000000000000000000000000,ETH,18,65000000000000000,0.065
https://basescan.org/tx/0xda8bb5e5325004cda90cf11ce94cd1a25ceb017fd3fe856df9d4e4cc129bac0d,0xda8bb5e5325004cda90cf11ce94cd1a25ceb017fd3fe856df9d4e4cc129bac0d,39763338,438,0x78dd671a5bfa543fcb9475c3ef2bfe1298feb7ba,0x0000000000000000000000000000000000000000,ETH,18,65000000000000000,0.065
https://basescan.org/tx/0xa528303b482ce6295d629d3e8be117ba6323a1335f202668bd5e23e017e45168,0xa528303b482ce6295d629d3e8be117ba6323a1335f202668bd5e23e017e45168,39763407,506,0x78dd671a5bfa543fcb9475c3ef2bfe1298feb7ba,0x0000000000000000000000000000000000000000,ETH,18,64000000000000000,0.064
https://basescan.org/tx/0xd6255adc9c99fd8bbc50bc02bbc7a783a55e2e41415ba57dc6284e4fc2b50ef1,0xd6255adc9c99fd8bbc50bc02bbc7a783a55e2e41415ba57dc6284e4fc2b50ef1,39763457,777,0x78dd671a5bfa543fcb9475c3ef2bfe1298feb7ba,0x0000000000000000000000000000000000000000,ETH,18,64000000000000000,0.064
https://basescan.org/tx/0xc16e88e448d708e61869f98d7a780ac784beebdb4df8ea5301f34ebb38595f4e,0xc16e88e448d708e61869f98d7a780ac784beebdb4df8ea5301f34ebb38595f4e,39763562,663,0x78dd671a5bfa543fcb9475c3ef2bfe1298feb7ba,0x0000000000000000000000000000000000000000,ETH,18,64000000000000000,0.064
https://basescan.org/tx/0x65e4fad6147e54424f929d87767f09518d0d914046be1228af3a353e6b4d7e5e,0x65e4fad6147e54424f929d87767f09518d0d914046be1228af3a353e6b4d7e5e,39763637,975,0x78dd671a5bfa543fcb9475c3ef2bfe1298feb7ba,0x0000000000000000000000000000000000000000,ETH,18,64000000000000000,0.064
https://basescan.org/tx/0xdb7360c4e7d786e6409b7f091af14174d47fa99ebb8a17ba8b05ffa1332346e9,0xdb7360c4e7d786e6409b7f091af14174d47fa99ebb8a17ba8b05ffa1332346e9,39763713,2982,0x78dd671a5bfa543fcb9475c3ef2bfe1298feb7ba,0x0000000000000000000000000000000000000000,ETH,18,64000000000000000,0.064
https://basescan.org/tx/0x00ace04b5e9583e70a4037623a8e3e60610fb9947df0a93c5cde43e46a8af875,0x00ace04b5e9583e70a4037623a8e3e60610fb9947df0a93c5cde43e46a8af875,39763791,1216,0x78dd671a5bfa543fcb9475c3ef2bfe1298feb7ba,0x0000000000000000000000000000000000000000,ETH,18,64000000000000000,0.064
https://basescan.org/tx/0x2734c34e303517587ece0caefb84f1eace86f9140449b0f1e062a402bf709ff8,0x2734c34e303517587ece0caefb84f1eace86f9140449b0f1e062a402bf709ff8,39763857,586,0x78dd671a5bfa543fcb9475c3ef2bfe1298feb7ba,0x0000000000000000000000000000000000000000,ETH,18,65000000000000000,0.065
https://basescan.org/tx/0x56785b4dbfa619db4a5207ea7e1eb01e090f9af13eecba91ef5624d95fd469ea,0x56785b4dbfa619db4a5207ea7e1eb01e090f9af13eecba91ef5624d95fd469ea,39763920,752,0x78dd671a5bfa543fcb9475c3ef2bfe1298feb7ba,0x0000000000000000000000000000000000000000,ETH,18,64500000000000000,0.0645
https://basescan.org/tx/0x2ec354930a11a96b956f0ffce65859ddd076ca42c5e588e613ee8545a58ae8dd,0x2ec354930a11a96b956f0ffce65859ddd076ca42c5e588e613ee8545a58ae8dd,39763980,663,0x78dd671a5bfa543fcb9475c3ef2bfe1298feb7ba,0x0000000000000000000000000000000000000000,ETH,18,64500000000000000,0.0645
https://basescan.org/tx/0x74b4a31f6b2500a8e65f08187b43431fa6e89d3acea12467d96daf6c76c7af70,0x74b4a31f6b2500a8e65f08187b43431fa6e89d3acea12467d96daf6c76c7af70,39764057,878,0x78dd671a5bfa543fcb9475c3ef2bfe1298feb7ba,0x0000000000000000000000000000000000000000,ETH,18,65000000000000000,0.065
https://basescan.org/tx/0x7a787d36783f8c1a3f80f643c4518ddd7c2b107c78a520a7ab6ce12253851d86,0x7a787d36783f8c1a3f80f643c4518ddd7c2b107c78a520a7ab6ce12253851d86,39764123,380,0x78dd671a5bfa543fcb9475c3ef2bfe1298feb7ba,0x0000000000000000000000000000000000000000,ETH,18,64500000000000000,0.0645
https://basescan.org/tx/0xd5b4d3bc88e184291a2a73e40091b7d4971517fd3648fbe0fab1809a5040423c,0xd5b4d3bc88e184291a2a73e40091b7d4971517fd3648fbe0fab1809a5040423c,39764212,536,0x78dd671a5bfa543fcb9475c3ef2bfe1298feb7ba,0x0000000000000000000000000000000000000000,ETH,18,64500000000000000,0.0645
https://basescan.org/tx/0xb1a2fc472ff6b973646a06ecc101fe3a82f27de88ac66befdf1bd8fd75453dd2,0xb1a2fc472ff6b973646a06ecc101fe3a82f27de88ac66befdf1bd8fd75453dd2,39764298,640,0x78dd671a5bfa543fcb9475c3ef2bfe1298feb7ba,0x0000000000000000000000000000000000000000,ETH,18,65000000000000000,0.065
https://basescan.org/tx/0xc6282ec7a774cb779ce10380cc5d2f628dd2181c76a923d2b9f6089c28a63f3c,0xc6282ec7a774cb779ce10380cc5d2f628dd2181c76a923d2b9f6089c28a63f3c,39764357,720,0x78dd671a5bfa543fcb9475c3ef2bfe1298feb7ba,0x0000000000000000000000000000000000000000,ETH,18,64500000000000000,0.0645
https://basescan.org/tx/0xee26f297aa30abc1998dccea10c937105d356f10887b6abbe7780375b281400b,0xee26f297aa30abc1998dccea10c937105d356f10887b6abbe7780375b281400b,39764427,295,0x78dd671a5bfa543fcb9475c3ef2bfe1298feb7ba,0x0000000000000000000000000000000000000000,ETH,18,65000000000000000,0.065
https://basescan.org/tx/0x26e798a52e0896ec68884bae60709d13cfdacf1a655fc58ca84c8165250f2386,0x26e798a52e0896ec68884bae60709d13cfdacf1a655fc58ca84c8165250f2386,39764501,465,0x78dd671a5bfa543fcb9475c3ef2bfe1298feb7ba,0x0000000000000000000000000000000000000000,ETH,18,64500000000000000,0.0645
https://basescan.org/tx/0xe1d5ff6fe079c65b9113ebe5b662b77313d3da7b6c61332a144d29bfdc49016d,0xe1d5ff6fe079c65b9113ebe5b662b77313d3da7b6c61332a144d29bfdc49016d,39767157,448,0x78dd671a5bfa543fcb9475c3ef2bfe1298feb7ba,0x0000000000000000000000000000000000000000,ETH,18,64000000000000000,0.064
https://basescan.org/tx/0xe600c713938696fd53e552bf7751e56806bdc8a2e6f4a53f0513a5e612a2efdf,0xe600c713938696fd53e552bf7751e56806bdc8a2e6f4a53f0513a5e612a2efdf,39767207,489,0x78dd671a5bfa543fcb9475c3ef2bfe1298feb7ba,0x0000000000000000000000000000000000000000,ETH,18,65000000000000000,0.065
https://basescan.org/tx/0x5c338a1b9dccbdb2f24e0ca2456a1ffd456b062169fd782745a7d0cca9d7946a,0x5c338a1b9dccbdb2f24e0ca2456a1ffd456b062169fd782745a7d0cca9d7946a,39767343,738,0x78dd671a5bfa543fcb9475c3ef2bfe1298feb7ba,0x0000000000000000000000000000000000000000,ETH,18,64000000000000000,0.064
https://basescan.org/tx/0x103b51f0a258f575176ec9d84220e479cd331e5e9c41ba4f8a06c377f5faed9a,0x103b51f0a258f575176ec9d84220e479cd331e5e9c41ba4f8a06c377f5faed9a,39767535,1201,0x78dd671a5bfa543fcb9475c3ef2bfe1298feb7ba,0x0000000000000000000000000000000000000000,ETH,18,65000000000000000,0.065
https://basescan.org/tx/0x36ce72c7d0fcc5597264773d3e3c87c0e54251919fc00ff7e3333919e51b593a,0x36ce72c7d0fcc5597264773d3e3c87c0e54251919fc00ff7e3333919e51b593a,39767618,253,0x78dd671a5bfa543fcb9475c3ef2bfe1298feb7ba,0x0000000000000000000000000000000000000000,ETH,18,64000000000000000,0.064
https://basescan.org/tx/0x753806a8ed0ad23e6d55d17b1797ae7dbde8f12f75a1e221c53aa28a0cd72833,0x753806a8ed0ad23e6d55d17b1797ae7dbde8f12f75a1e221c53aa28a0cd72833,39767704,439,0x78dd671a5bfa543fcb9475c3ef2bfe1298feb7ba,0x0000000000000000000000000000000000000000,ETH,18,64500000000000000,0.0645
https://basescan.org/tx/0xce4e9bfeddaedba44d12cf377c272d3d2f61f6c07fa8370e6cbe7f890451ded3,0xce4e9bfeddaedba44d12cf377c272d3d2f61f6c07fa8370e6cbe7f890451ded3,39767762,835,0x78dd671a5bfa543fcb9475c3ef2bfe1298feb7ba,0x0000000000000000000000000000000000000000,ETH,18,64000000000000000,0.064
https://basescan.org/tx/0xd3c83525abd3fc9e634dba4526ecccb35cb78011919a8a843931a22f32e30e2d,0xd3c83525abd3fc9e634dba4526ecccb35cb78011919a8a843931a22f32e30e2d,39771357,620,0x78dd671a5bfa543fcb9475c3ef2bfe1298feb7ba,0x0000000000000000000000000000000000000000,ETH,18,65000000000000000,0.065
https://basescan.org/tx/0xe8f3c4c8a9570d1d4adf7ebfe112ab9247c0cb9e645f0f4ac7071dc7d6dbaf7a,0xe8f3c4c8a9570d1d4adf7ebfe112ab9247c0cb9e645f0f4ac7071dc7d6dbaf7a,39771411,691,0x78dd671a5bfa543fcb9475c3ef2bfe1298feb7ba,0x0000000000000000000000000000000000000000,ETH,18,65000000000000000,0.065
https://basescan.org/tx/0xf5c746217ca239b1dfe430ad6d35127dcf7ded0a1ee25f8b062c93ce3d08cd85,0xf5c746217ca239b1dfe430ad6d35127dcf7ded0a1ee25f8b062c93ce3d08cd85,39771475,653,0x78dd671a5bfa543fcb9475c3ef2bfe1298feb7ba,0x0000000000000000000000000000000000000000,ETH,18,65000000000000000,0.065
https://basescan.org/tx/0xca671544eae09663e39e79acbff8a7ea8b0bb2005694d2487d8cf54e26916b2a,0xca671544eae09663e39e79acbff8a7ea8b0bb2005694d2487d8cf54e26916b2a,39771533,583,0x78dd671a5bfa543fcb9475c3ef2bfe1298feb7ba,0x0000000000000000000000000000000000000000,ETH,18,65000000000000000,0.065
https://basescan.org/tx/0xe26ef522de48bc1871ca20a6fa8c2f0228765f761ff2a28685cc27c7350e68f4,0xe26ef522de48bc1871ca20a6fa8c2f0228765f761ff2a28685cc27c7350e68f4,39771592,612,0x78dd671a5bfa543fcb9475c3ef2bfe1298feb7ba,0x0000000000000000000000000000000000000000,ETH,18,65000000000000000,0.065
https://basescan.org/tx/0x20559079e32df83eb75efe9a328df46a4c671d9cdd837ce5d741380f6af7ce79,0x20559079e32df83eb75efe9a328df46a4c671d9cdd837ce5d741380f6af7ce79,39771647,1149,0x78dd671a5bfa543fcb9475c3ef2bfe1298feb7ba,0x0000000000000000000000000000000000000000,ETH,18,65000000000000000,0.065
https://basescan.org/tx/0x01c157a22d0a3a8f3df13ab4fe30ac78a259135bd2b03b1337f84bbebb49be34,0x01c157a22d0a3a8f3df13ab4fe30ac78a259135bd2b03b1337f84bbebb49be34,39771709,236,0x78dd671a5bfa543fcb9475c3ef2bfe1298feb7ba,0x0000000000000000000000000000000000000000,ETH,18,65000000000000000,0.065
https://basescan.org/tx/0xe51280caa8dc985fe6d9f3d0942bc6ebd46cf3c35a8f803586a6faa511cba2c1,0xe51280caa8dc985fe6d9f3d0942bc6ebd46cf3c35a8f803586a6faa511cba2c1,39771767,307,0x78dd671a5bfa543fcb9475c3ef2bfe1298feb7ba,0x0000000000000000000000000000000000000000,ETH,18,65000000000000000,0.065
https://basescan.org/tx/0xa25252025325bd9bdbed9a0f35b1d12ada491d24172838f3a6281d658a58508d,0xa25252025325bd9bdbed9a0f35b1d12ada491d24172838f3a6281d658a58508d,39771823,447,0x78dd671a5bfa543fcb9475c3ef2bfe1298feb7ba,0x0000000000000000000000000000000000000000,ETH,18,65000000000000000,0.065
https://basescan.org/tx/0x80b00f4d823a0d4c7fd18b3bfa99840ac33c96e1ccfb264b7bfe1bfc117527a3,0x80b00f4d823a0d4c7fd18b3bfa99840ac33c96e1ccfb264b7bfe1bfc117527a3,39771902,1294,0x78dd671a5bfa543fcb9475c3ef2bfe1298feb7ba,0x0000000000000000000000000000000000000000,ETH,18,66000000000000000,0.066
https://basescan.org/tx/0xecc6467895792432247ab839ed67d3e63b8f0ae458b023393ac44ef7c95a7486,0xecc6467895792432247ab839ed67d3e63b8f0ae458b023393ac44ef7c95a7486,39771984,756,0x78dd671a5bfa543fcb9475c3ef2bfe1298feb7ba,0x0000000000000000000000000000000000000000,ETH,18,65000000000000000,0.065
https://basescan.org/tx/0xd4781619fc0b5b5bfbbe88fb3df101203ff7c750600c6b1e5d21ceba98ac61db,0xd4781619fc0b5b5bfbbe88fb3df101203ff7c750600c6b1e5d21ceba98ac61db,39772075,425,0x78dd671a5bfa543fcb9475c3ef2bfe1298feb7ba,0x0000000000000000000000000000000000000000,ETH,18,65000000000000000,0.065
https://basescan.org/tx/0x43d4ef80eb33893062efdee21bba3a1004a9d2cf472ae4f2b221354e88fe4474,0x43d4ef80eb33893062efdee21bba3a1004a9d2cf472ae4f2b221354e88fe4474,39772181,599,0x78dd671a5bfa543fcb9475c3ef2bfe1298feb7ba,0x0000000000000000000000000000000000000000,ETH,18,65000000000000000,0.065
https://basescan.org/tx/0x8b083dd8acab9edfdbfc6215b71e85dfacad6e5f07b90d21fd08692a84f3609c,0x8b083dd8acab9edfdbfc6215b71e85dfacad6e5f07b90d21fd08692a84f3609c,39772267,504,0x78dd671a5bfa543fcb9475c3ef2bfe1298feb7ba,0x0000000000000000000000000000000000000000,ETH,18,66000000000000000,0.066
https://basescan.org/tx/0x521ecced7d461a2b5b71ad64405a4fb92ef95c17d555d65e6b46f8d5551cd6bd,0x521ecced7d461a2b5b71ad64405a4fb92ef95c17d555d65e6b46f8d5551cd6bd,39772352,1167,0x78dd671a5bfa543fcb9475c3ef2bfe1298feb7ba,0x0000000000000000000000000000000000000000,ETH,18,65000000000000000,0.065
https://basescan.org/tx/0x9eb9e226dd49c566e7496570460dba420b49225d6c667780c2c6b63fad7d9523,0x9eb9e226dd49c566e7496570460dba420b49225d6c667780c2c6b63fad7d9523,39772424,354,0x78dd671a5bfa543fcb9475c3ef2bfe1298feb7ba,0x0000000000000000000000000000000000000000,ETH,18,65000000000000000,0.065
https://basescan.org/tx/0x069dd6080c485ba68b97d76b57c5e63405dc27be23011dacc5f6fba42a4f56ca,0x069dd6080c485ba68b97d76b57c5e63405dc27be23011dacc5f6fba42a4f56ca,39772484,283,0x78dd671a5bfa543fcb9475c3ef2bfe1298feb7ba,0x0000000000000000000000000000000000000000,ETH,18,65000000000000000,0.065
https://basescan.org/tx/0x849bf274e19feae24dcf80505661c4705291ba50669951f8ed35fd15173f9991,0x849bf274e19feae24dcf80505661c4705291ba50669951f8ed35fd15173f9991,39772577,843,0x78dd671a5bfa543fcb9475c3ef2bfe1298feb7ba,0x0000000000000000000000000000000000000000,ETH,18,66000000000000000,0.066
https://basescan.org/tx/0x86d56e084616c3577615781c4b177973ac6bcea5e9529e412f3f79c80d7b88cb,0x86d56e084616c3577615781c4b177973ac6bcea5e9529e412f3f79c80d7b88cb,39772697,549,0x78dd671a5bfa543fcb9475c3ef2bfe1298feb7ba,0x0000000000000000000000000000000000000000,ETH,18,65000000000000000,0.065
https://basescan.org/tx/0xcfea26e924483e0910e7ab177bc586e9f2e59087854ef5addb8ee4c2cbfef130,0xcfea26e924483e0910e7ab177bc586e9f2e59087854ef5addb8ee4c2cbfef130,39772793,846,0x78dd671a5bfa543fcb9475c3ef2bfe1298feb7ba,0x0000000000000000000000000000000000000000,ETH,18,65000000000000000,0.065
https://basescan.org/tx/0x3faa123ce0e0d5c652354132456d6fc6805a3805b3645f67d090cc6c3bb13585,0x3faa123ce0e0d5c652354132456d6fc6805a3805b3645f67d090cc6c3bb13585,39772851,715,0x78dd671a5bfa543fcb9475c3ef2bfe1298feb7ba,0x0000000000000000000000000000000000000000,ETH,18,65000000000000000,0.065
https://basescan.org/tx/0xe2fc6efeaca3a3621e1f7a59b75b3e17fb3f19023fbbcede00e5f4cc1274d9ae,0xe2fc6efeaca3a3621e1f7a59b75b3e17fb3f19023fbbcede00e5f4cc1274d9ae,39772991,828,0x78dd671a5bfa543fcb9475c3ef2bfe1298feb7ba,0x0000000000000000000000000000000000000000,ETH,18,65000000000000000,0.065
https://basescan.org/tx/0xe0b67aaa8cff93c83752a15b5457fdc194bbe14edda46673b7f67c0baccb9c03,0xe0b67aaa8cff93c83752a15b5457fdc194bbe14edda46673b7f67c0baccb9c03,39773063,626,0x78dd671a5bfa543fcb9475c3ef2bfe1298feb7ba,0x0000000000000000000000000000000000000000,ETH,18,66000000000000000,0.066
https://basescan.org/tx/0xa83f03512cf4c9a4428d82d28effa8aa7c6f36dd4bfa92feb200824fd5a5a5e4,0xa83f03512cf4c9a4428d82d28effa8aa7c6f36dd4bfa92feb200824fd5a5a5e4,39773147,431,0x78dd671a5bfa543fcb9475c3ef2bfe1298feb7ba,0x0000000000000000000000000000000000000000,ETH,18,65000000000000000,0.065
https://basescan.org/tx/0x7547a64e80ebd92a71a04afc3ea156678cd7c9434694ecb894a874f95575714e,0x7547a64e80ebd92a71a04afc3ea156678cd7c9434694ecb894a874f95575714e,39773207,329,0x78dd671a5bfa543fcb9475c3ef2bfe1298feb7ba,0x0000000000000000000000000000000000000000,ETH,18,65000000000000000,0.065
https://basescan.org/tx/0x7515addcd625ff7ef04e2bbfa2cfc1478155310ac48f39f698e85ced016c04e0,0x7515addcd625ff7ef04e2bbfa2cfc1478155310ac48f39f698e85ced016c04e0,39773273,970,0x78dd671a5bfa543fcb9475c3ef2bfe1298feb7ba,0x0000000000000000000000000000000000000000,ETH,18,66000000000000000,0.066
https://basescan.org/tx/0xd99326bf37a38dd56b95cafdb8dd4172b371ea33ccf6ae977fbe627ccf530a06,0xd99326bf37a38dd56b95cafdb8dd4172b371ea33ccf6ae977fbe627ccf530a06,39773332,378,0x78dd671a5bfa543fcb9475c3ef2bfe1298feb7ba,0x0000000000000000000000000000000000000000,ETH,18,65000000000000000,0.065
https://basescan.org/tx/0x92d4348027173c43e93e6ca9448ee5adc553d1edb2d5c4833429dadee399ddeb,0x92d4348027173c43e93e6ca9448ee5adc553d1edb2d5c4833429dadee399ddeb,39773398,399,0x78dd671a5bfa543fcb9475c3ef2bfe1298feb7ba,0x0000000000000000000000000000000000000000,ETH,18,65000000000000000,0.065
https://basescan.org/tx/0x565b467b65224160fb519f0d997adfa091304e32226b0bbf190cad5be80f8c00,0x565b467b65224160fb519f0d997adfa091304e32226b0bbf190cad5be80f8c00,39773484,272,0x78dd671a5bfa543fcb9475c3ef2bfe1298feb7ba,0x0000000000000000000000000000000000000000,ETH,18,65000000000000000,0.065
https://basescan.org/tx/0xf203df9710fcebde8bc7ec3689adc185d02ff7c8df464dcf514f934c2fb2311c,0xf203df9710fcebde8bc7ec3689adc185d02ff7c8df464dcf514f934c2fb2311c,39778239,703,0x78dd671a5bfa543fcb9475c3ef2bfe1298feb7ba,0x0000000000000000000000000000000000000000,ETH,18,65000000000000000,0.065
https://basescan.org/tx/0x75b78face186d09919fc7d5b86b0944911e6f7c887d1e742c4cdc9d591b569a6,0x75b78face186d09919fc7d5b86b0944911e6f7c887d1e742c4cdc9d591b569a6,39778308,857,0x78dd671a5bfa543fcb9475c3ef2bfe1298feb7ba,0x0000000000000000000000000000000000000000,ETH,18,65000000000000000,0.065
https://basescan.org/tx/0x8b7e46f3c5f7b600ae10ae4d9c2473eb08aae125523d171ad7a59a72aa4bf67b,0x8b7e46f3c5f7b600ae10ae4d9c2473eb08aae125523d171ad7a59a72aa4bf67b,39778415,506,0x78dd671a5bfa543fcb9475c3ef2bfe1298feb7ba,0x0000000000000000000000000000000000000000,ETH,18,65000000000000000,0.065
https://basescan.org/tx/0x2b8a5332313d730999ae5789d16214076ed13202b3ad8fab5404e1ca1b0daf0c,0x2b8a5332313d730999ae5789d16214076ed13202b3ad8fab5404e1ca1b0daf0c,39778501,569,0x78dd671a5bfa543fcb9475c3ef2bfe1298feb7ba,0x0000000000000000000000000000000000000000,ETH,18,65000000000000000,0.065
https://basescan.org/tx/0xd0c77ee9099247c064942caabbba93a1cf4d2d8df02a32b9f881edd831814b72,0xd0c77ee9099247c064942caabbba93a1cf4d2d8df02a32b9f881edd831814b72,39778554,306,0x78dd671a5bfa543fcb9475c3ef2bfe1298feb7ba,0x0000000000000000000000000000000000000000,ETH,18,65000000000000000,0.065
https://basescan.org/tx/0xc52d063f649c009259f538e825ce0b48c45fed2feb73f49e90f3d5257e41e3de,0xc52d063f649c009259f538e825ce0b48c45fed2feb73f49e90f3d5257e41e3de,39778655,1019,0x78dd671a5bfa543fcb9475c3ef2bfe1298feb7ba,0x0000000000000000000000000000000000000000,ETH,18,65000000000000000,0.065
https://basescan.org/tx/0x9e9035a3d1edc709a5eb40218b1fc9218216793ac77dbf936cc2021f861e2e2e,0x9e9035a3d1edc709a5eb40218b1fc9218216793ac77dbf936cc2021f861e2e2e,39778715,674,0x78dd671a5bfa543fcb9475c3ef2bfe1298feb7ba,0x0000000000000000000000000000000000000000,ETH,18,66000000000000000,0.066
https://basescan.org/tx/0xc782629b77caa208313b145088d1ab09eadf2bfd12fdb7f8975844cdc6f2a543,0xc782629b77caa208313b145088d1ab09eadf2bfd12fdb7f8975844cdc6f2a543,39778854,271,0x78dd671a5bfa543fcb9475c3ef2bfe1298feb7ba,0x0000000000000000000000000000000000000000,ETH,18,65000000000000000,0.065
https://basescan.org/tx/0xbed8746916eb9cb5ac6bc91753f2a09238e5876eb518f266cb2b05d9ffc547b6,0xbed8746916eb9cb5ac6bc91753f2a09238e5876eb518f266cb2b05d9ffc547b6,39778908,791,0x78dd671a5bfa543fcb9475c3ef2bfe1298feb7ba,0x0000000000000000000000000000000000000000,ETH,18,65000000000000000,0.065
https://basescan.org/tx/0x02623808f3e98eec25022a44fc6fc232e43c1a2cbda0b93ce867873ffc6d3e6b,0x02623808f3e98eec25022a44fc6fc232e43c1a2cbda0b93ce867873ffc6d3e6b,39779013,318,0x78dd671a5bfa543fcb9475c3ef2bfe1298feb7ba,0x0000000000000000000000000000000000000000,ETH,18,66000000000000000,0.066
https://basescan.org/tx/0x49e42361fc3a5217ac9113151048692834748c5eba681ea5e9a9da06fc92c260,0x49e42361fc3a5217ac9113151048692834748c5eba681ea5e9a9da06fc92c260,39779094,489,0x78dd671a5bfa543fcb9475c3ef2bfe1298feb7ba,0x0000000000000000000000000000000000000000,ETH,18,6500000000000000,0.0065
https://basescan.org/tx/0xa58842a12b4c81ef2c1d766fbf7f96e2922c40bcd5933ba8b41c1c853080e32c,0xa58842a12b4c81ef2c1d766fbf7f96e2922c40bcd5933ba8b41c1c853080e32c,39779139,456,0x78dd671a5bfa543fcb9475c3ef2bfe1298feb7ba,0x0000000000000000000000000000000000000000,ETH,18,59000000000000000,0.059
https://basescan.org/tx/0x15d1c8454f623a023de31b9db8d031d1d48a49beec37e4056e2f78b1b92fefb4,0x15d1c8454f623a023de31b9db8d031d1d48a49beec37e4056e2f78b1b92fefb4,39779207,439,0x78dd671a5bfa543fcb9475c3ef2bfe1298feb7ba,0x0000000000000000000000000000000000000000,ETH,18,65000000000000000,0.065
https://basescan.org/tx/0xa3081e279a65821448c21f9e0d55622ed9f64e12ff9f40401d9f668cb3f76ef6,0xa3081e279a65821448c21f9e0d55622ed9f64e12ff9f40401d9f668cb3f76ef6,39779287,649,0x78dd671a5bfa543fcb9475c3ef2bfe1298feb7ba,0x0000000000000000000000000000000000000000,ETH,18,65000000000000000,0.065
https://basescan.org/tx/0x2b3ad46d635328991e79b8a701d57ed2dd5a7e53066d0e43c283fb904a02c0f3,0x2b3ad46d635328991e79b8a701d57ed2dd5a7e53066d0e43c283fb904a02c0f3,39779364,408,0x78dd671a5bfa543fcb9475c3ef2bfe1298feb7ba,0x0000000000000000000000000000000000000000,ETH,18,66000000000000000,0.066
https://basescan.org/tx/0x7c4f5e2dd57c17bf9ea0c0bfac96490428e50358bc630bc2661452ac47425690,0x7c4f5e2dd57c17bf9ea0c0bfac96490428e50358bc630bc2661452ac47425690,39779428,359,0x78dd671a5bfa543fcb9475c3ef2bfe1298feb7ba,0x0000000000000000000000000000000000000000,ETH,18,65000000000000000,0.065
https://basescan.org/tx/0xba8c7bcc9fa27df5329a076cc0b0890ce152c423a245766050941c0e300e90ed,0xba8c7bcc9fa27df5329a076cc0b0890ce152c423a245766050941c0e300e90ed,39779476,538,0x78dd671a5bfa543fcb9475c3ef2bfe1298feb7ba,0x0000000000000000000000000000000000000000,ETH,18,66000000000000000,0.066
https://basescan.org/tx/0x85b3dc1860fcb544c25c7948f832743da942f3cf883aa678b81829f86fd8b3c9,0x85b3dc1860fcb544c25c7948f832743da942f3cf883aa678b81829f86fd8b3c9,39779542,1310,0x78dd671a5bfa543fcb9475c3ef2bfe1298feb7ba,0x0000000000000000000000000000000000000000,ETH,18,65000000000000000,0.065
https://basescan.org/tx/0x13e9b03401e15545637c7d3d783a3b73c385e3f33c41f945b53841e1219cedaf,0x13e9b03401e15545637c7d3d783a3b73c385e3f33c41f945b53841e1219cedaf,39779829,307,0x78dd671a5bfa543fcb9475c3ef2bfe1298feb7ba,0x0000000000000000000000000000000000000000,ETH,18,65000000000000000,0.065
https://basescan.org/tx/0xa6b27ddcc5663eb9585479c9d3a4bcd6c25b552f6ab750e3460c0a9c5833cf40,0xa6b27ddcc5663eb9585479c9d3a4bcd6c25b552f6ab750e3460c0a9c5833cf40,39779878,1123,0x78dd671a5bfa543fcb9475c3ef2bfe1298feb7ba,0x0000000000000000000000000000000000000000,ETH,18,65000000000000000,0.065
https://basescan.org/tx/0xd458921893fb78338bf2ebd9ab34eed70165abc1a07741ab32527e41e8f28af8,0xd458921893fb78338bf2ebd9ab34eed70165abc1a07741ab32527e41e8f28af8,39779957,455,0x78dd671a5bfa543fcb9475c3ef2bfe1298feb7ba,0x0000000000000000000000000000000000000000,ETH,18,65000000000000000,0.065
https://basescan.org/tx/0x1d3de281799d2107b5494c9ed63f32390e9905bd1edcf0f14fbd8fdf8e491d99,0x1d3de281799d2107b5494c9ed63f32390e9905bd1edcf0f14fbd8fdf8e491d99,39780047,512,0x78dd671a5bfa543fcb9475c3ef2bfe1298feb7ba,0x0000000000000000000000000000000000000000,ETH,18,65000000000000000,0.065
https://basescan.org/tx/0xfaa5dd8fd78d0b05739089548320b81cb23a1657dc8920d57f0c882f9e61ddb5,0xfaa5dd8fd78d0b05739089548320b81cb23a1657dc8920d57f0c882f9e61ddb5,39780108,313,0x78dd671a5bfa543fcb9475c3ef2bfe1298feb7ba,0x0000000000000000000000000000000000000000,ETH,18,65000000000000000,0.065
https://basescan.org/tx/0x3c3fc879a218dc89325a19875112b994cb2db03386d08597216c0f4234a3da32,0x3c3fc879a218dc89325a19875112b994cb2db03386d08597216c0f4234a3da32,39780267,434,0x78dd671a5bfa543fcb9475c3ef2bfe1298feb7ba,0x0000000000000000000000000000000000000000,ETH,18,65000000000000000,0.065
https://basescan.org/tx/0x66de8b269b61e246f55c6bd78297ad08129dd680503d9bc971c8a07ea2f93a5c,0x66de8b269b61e246f55c6bd78297ad08129dd680503d9bc971c8a07ea2f93a5c,39780336,223,0x78dd671a5bfa543fcb9475c3ef2bfe1298feb7ba,0x0000000000000000000000000000000000000000,ETH,18,65000000000000000,0.065
https://basescan.org/tx/0xd963fde92359f0f172c63be62083d09c801ddb19f6f4d1ac8159f335af5c0d7a,0xd963fde92359f0f172c63be62083d09c801ddb19f6f4d1ac8159f335af5c0d7a,39781970,851,0x78dd671a5bfa543fcb9475c3ef2bfe1298feb7ba,0x0000000000000000000000000000000000000000,ETH,18,65000000000000000,0.065
https://basescan.org/tx/0x4b9fbaf73e57b4d4768e08054e3e8a8e9cf00f17b6915b6e54203315b10f123b,0x4b9fbaf73e57b4d4768e08054e3e8a8e9cf00f17b6915b6e54203315b10f123b,39782045,686,0x78dd671a5bfa543fcb9475c3ef2bfe1298feb7ba,0x0000000000000000000000000000000000000000,ETH,18,65000000000000000,0.065
https://basescan.org/tx/0x9a527f7bdb99c49ee34c38da089160b7b8a9d5f5d9130739db60151df169216d,0x9a527f7bdb99c49ee34c38da089160b7b8a9d5f5d9130739db60151df169216d,39782141,852,0x78dd671a5bfa543fcb9475c3ef2bfe1298feb7ba,0x0000000000000000000000000000000000000000,ETH,18,65000000000000000,0.065
https://basescan.org/tx/0x0239a3fc90a8e792e598e4d0af0342da256fe1823f7208a5a5c043d6c2234528,0x0239a3fc90a8e792e598e4d0af0342da256fe1823f7208a5a5c043d6c2234528,39782193,784,0x78dd671a5bfa543fcb9475c3ef2bfe1298feb7ba,0x0000000000000000000000000000000000000000,ETH,18,65000000000000000,0.065
https://basescan.org/tx/0x944cae2929204a84dc2fb72bbb508916ab06bd9e2c0bf0f76529b9480d645875,0x944cae2929204a84dc2fb72bbb508916ab06bd9e2c0bf0f76529b9480d645875,39782252,628,0x78dd671a5bfa543fcb9475c3ef2bfe1298feb7ba,0x0000000000000000000000000000000000000000,ETH,18,65000000000000000,0.065
https://basescan.org/tx/0x97abae52ddb290bfc592cae44bc81405aa7d105040fba450f1cc8d90e09b1f7b,0x97abae52ddb290bfc592cae44bc81405aa7d105040fba450f1cc8d90e09b1f7b,39782311,526,0x78dd671a5bfa543fcb9475c3ef2bfe1298feb7ba,0x0000000000000000000000000000000000000000,ETH,18,66000000000000000,0.066
https://basescan.org/tx/0x4d6395b0e5e98686ab0c0bbc6fcd5244e3b8f4c161ce41494ba1260b6de1c279,0x4d6395b0e5e98686ab0c0bbc6fcd5244e3b8f4c161ce41494ba1260b6de1c279,39782383,608,0x78dd671a5bfa543fcb9475c3ef2bfe1298feb7ba,0x0000000000000000000000000000000000000000,ETH,18,65500000000000000,0.0655
https://basescan.org/tx/0x2bde6529847d0631776ae4161f22f402768fdb2ab957c72c58d0a8abe0905557,0x2bde6529847d0631776ae4161f22f402768fdb2ab957c72c58d0a8abe0905557,39782455,461,0x78dd671a5bfa543fcb9475c3ef2bfe1298feb7ba,0x0000000000000000000000000000000000000000,ETH,18,65700000000000000,0.0657
https://basescan.org/tx/0x0951b9ebcf70be4a9d7d2a0e7259d6c71e2a72336ce14111cd2b887c71492e11,0x0951b9ebcf70be4a9d7d2a0e7259d6c71e2a72336ce14111cd2b887c71492e11,39782518,1066,0x78dd671a5bfa543fcb9475c3ef2bfe1298feb7ba,0x0000000000000000000000000000000000000000,ETH,18,65400000000000000,0.0654
https://basescan.org/tx/0x8361b70da66d23c5ea6d820749039a0ec5722bd43a8049206b8d8153e51e511a,0x8361b70da66d23c5ea6d820749039a0ec5722bd43a8049206b8d8153e51e511a,39782591,601,0x78dd671a5bfa543fcb9475c3ef2bfe1298feb7ba,0x0000000000000000000000000000000000000000,ETH,18,65500000000000000,0.0655
https://basescan.org/tx/0xe43cf5a5c4b3ebbbc7651bbba904d8a312301356fc4c2f18664fe69cc6f5db6b,0xe43cf5a5c4b3ebbbc7651bbba904d8a312301356fc4c2f18664fe69cc6f5db6b,39782818,482,0x78dd671a5bfa543fcb9475c3ef2bfe1298feb7ba,0x0000000000000000000000000000000000000000,ETH,18,65000000000000000,0.065
https://basescan.org/tx/0x8f7cdf58980712418098d13f0219cda785cb82ef9ab4875bbea44c6ce58c8b06,0x8f7cdf58980712418098d13f0219cda785cb82ef9ab4875bbea44c6ce58c8b06,39783409,614,0x78dd671a5bfa543fcb9475c3ef2bfe1298feb7ba,0x0000000000000000000000000000000000000000,ETH,18,64400000000000000,0.0644
https://basescan.org/tx/0xf3dc19ed34220a3566826eee6d674841363ff73c35dc3bc9613dc7ca56448415,0xf3dc19ed34220a3566826eee6d674841363ff73c35dc3bc9613dc7ca56448415,39783519,380,0x78dd671a5bfa543fcb9475c3ef2bfe1298feb7ba,0x0000000000000000000000000000000000000000,ETH,18,65000000000000000,0.065
https://basescan.org/tx/0xce9cbf2086ed0ee725f35c02bd0f324ddedfc45c445f90de4806901033e3441c,0xce9cbf2086ed0ee725f35c02bd0f324ddedfc45c445f90de4806901033e3441c,39783816,466,0x78dd671a5bfa543fcb9475c3ef2bfe1298feb7ba,0x0000000000000000000000000000000000000000,ETH,18,65000000000000000,0.065
https://basescan.org/tx/0x4291a9a90269b4ccb6d8f55e5e256f4f0dd9914d7ff1401eb95568eb170eb339,0x4291a9a90269b4ccb6d8f55e5e256f4f0dd9914d7ff1401eb95568eb170eb339,39783874,425,0x78dd671a5bfa543fcb9475c3ef2bfe1298feb7ba,0x0000000000000000000000000000000000000000,ETH,18,65100000000000000,0.0651
https://basescan.org/tx/0xef7fe930e26520c353d618cb7ae999416c5b5240d0aa92089db20822bec6ab0c,0xef7fe930e26520c353d618cb7ae999416c5b5240d0aa92089db20822bec6ab0c,39784813,606,0x78dd671a5bfa543fcb9475c3ef2bfe1298feb7ba,0x0000000000000000000000000000000000000000,ETH,18,65000000000000000,0.065
https://basescan.org/tx/0x55e75e7fd019e813239ac4c0ba1a1d3c12e1e724d7b2f35d8cd2ec1fb91f416f,0x55e75e7fd019e813239ac4c0ba1a1d3c12e1e724d7b2f35d8cd2ec1fb91f416f,39795560,513,0x78dd671a5bfa543fcb9475c3ef2bfe1298feb7ba,0x0000000000000000000000000000000000000000,ETH,18,65000000000000000,0.065
https://basescan.org/tx/0xe57217b75e8609270d9e8b043bf5899d3d936dd8e32ed6e21c419a79184b67b1,0xe57217b75e8609270d9e8b043bf5899d3d936dd8e32ed6e21c419a79184b67b1,39805461,512,0x78dd671a5bfa543fcb9475c3ef2bfe1298feb7ba,0x0000000000000000000000000000000000000000,ETH,18,65000000000000000,0.065
https://basescan.org/tx/0x6838b34bfc2c1be47d33c6da10429d202b176baf3dd5469c13f85f936a79729b,0x6838b34bfc2c1be47d33c6da10429d202b176baf3dd5469c13f85f936a79729b,39805497,1336,0x957d906aeb375833e20cf1cf92fa07ad37eede94,0x833589fcd6edb6e08f4c7c32d4f71b54bda02913,USDC,6,1000000,1
https://basescan.org/tx/0x94aa188ce346e3c4c1f6b44bf2bb8fa9a773b769825f2c83452364b6714b4ce5,0x94aa188ce346e3c4c1f6b44bf2bb8fa9a773b769825f2c83452364b6714b4ce5,39805601,381,0x78dd671a5bfa543fcb9475c3ef2bfe1298feb7ba,0x0000000000000000000000000000000000000000,ETH,18,65000000000000000,0.065
https://basescan.org/tx/0x10f750759eb40d31bece33a8801976108abc9e1f67bfbb769a825126cd0c5c6b,0x10f750759eb40d31bece33a8801976108abc9e1f67bfbb769a825126cd0c5c6b,39805788,648,0x78dd671a5bfa543fcb9475c3ef2bfe1298feb7ba,0x0000000000000000000000000000000000000000,ETH,18,65000000000000000,0.065
https://basescan.org/tx/0xae3452919bcb690f1e1c13169abc15a87620de711b5230f376ac5c407e001e4e,0xae3452919bcb690f1e1c13169abc15a87620de711b5230f376ac5c407e001e4e,40160439,836,0x0adcadce8c3fcd029fe5a8b2dd24b0f3302f2732,0xfde4c96c8593536e31f229ea8f37b2ada2699bb2,USDT,6,900000,0.9
https://basescan.org/tx/0xbb36c290357e9d54866f55e2095fee37e44d2a21bf7be8bada5fa3b85fb1128f,0xbb36c290357e9d54866f55e2095fee37e44d2a21bf7be8bada5fa3b85fb1128f,40160968,620,0x0adcadce8c3fcd029fe5a8b2dd24b0f3302f2732,0xfde4c96c8593536e31f229ea8f37b2ada2699bb2,USDT,6,900000,0.9
https://basescan.org/tx/0x4fe8c6276a443c3cfacbfb45e244f2230cb24d174085514e5517f834b0a5bed8,0x4fe8c6276a443c3cfacbfb45e244f2230cb24d174085514e5517f834b0a5bed8,40165618,492,0x0adcadce8c3fcd029fe5a8b2dd24b0f3302f2732,0xfde4c96c8593536e31f229ea8f37b2ada2699bb2,USDT,6,2200000,2.2
https://basescan.org/tx/0xdf167bfe15ff2e88f0ce1e959dbc674d45751e1a2cd1d190ede8786b2d0ee37e,0xdf167bfe15ff2e88f0ce1e959dbc674d45751e1a2cd1d190ede8786b2d0ee37e,40165670,1059,0x0adcadce8c3fcd029fe5a8b2dd24b0f3302f2732,0xfde4c96c8593536e31f229ea8f37b2ada2699bb2,USDT,6,40000,0.04
https://basescan.org/tx/0x9a8d905bc6e74e0b8e9422af2f6e5b0f911db514a5dbd6e2c05fa219fe131803,0x9a8d905bc6e74e0b8e9422af2f6e5b0f911db514a5dbd6e2c05fa219fe131803,40165806,1620,0x0adcadce8c3fcd029fe5a8b2dd24b0f3302f2732,0x0000000000000000000000000000000000000000,ETH,18,372760000000000,0.00037276
https://basescan.org/tx/0x73fb6781b87ecf16dd536ad94f97055630d392b58074cec94fa3fb5065d63c01,0x73fb6781b87ecf16dd536ad94f97055630d392b58074cec94fa3fb5065d63c01,40706829,755,0x78dd671a5bfa543fcb9475c3ef2bfe1298feb7ba,0x0000000000000000000000000000000000000000,ETH,18,1100000000000000,0.0011
